#### Location Insert ####

insert into locations (location_id, city)
values (7000, 'Hà Nội'),
       (7010, 'Hồ Chí Minh'),
       (7020, 'Đà Nẵng'),
       (7030, 'Hải Phòng'),
       (7040, 'Quảng Ninh'),
       (7050, 'Quảng Bình'),
       (7060, 'Đà Lạt'),
       (7070, 'Huế'),
       (7080, 'Khánh Hoà'),
       (7090, 'Lạng Sơn'),
       (7110, 'Thanh Hoá'),
       (7220, 'Nghệ An'),
       (7330, 'Bắc Ninh'),
       (7440, 'Hưng Yên'),
       (7550, 'Nam Định'),
       (7660, 'Phú Yên'),
       (7770, 'Buôn Ma Thuật'),
       (7880, 'Cần Thơ'),
       (7990, 'Kiên Giang');

#### Hotel Insert ####

insert into hotels (hotel_id, location_id, hotel_name)
values (1100, 7000, 'Royal Hotel'),
       (1200, 7000, 'Sheraton Hanoi Hotel'),
       (1300, 7000, 'JW Marriott Hanoi'),
       (1400, 7010, 'Tan Son Nhat Hotel'),
       (1500, 7010, 'Eastin Grand Hotel Saigon'),
       (1600, 7020, 'Pavilion Hotel'),
       (1700, 7030, 'Vinpearl Hotel Imperia Haiphong'),
       (1800, 7040, 'Muong Thanh Luxury QuangNinh Hotel'),
       (1900, 7060, 'Saphir DaLat Hotel');

#### Customers Insert ####
insert into customers (customer_id, name, email, phone_number, location_id)
values (3000, 'Nguyễn Đức Quang', 'ducquang3000@gmail.com', '0123456789', 7000),
       (3010, 'Lê Nhật Huy', 'nhathuy3010@gmail.com', '0123456780', 7000),
       (3015, 'Nguyễn Văn Linh', 'vanlinh3015@gmail.com', '0123456781', 7040),
       (3020, 'Phạm Ngọc Anh', 'ngocanh3020@gmail.com', '0123456782', 7030),
       (3025, 'Lê Quang Mạnh', 'quangmanh3025@gmail.com', '0123456783', 7030),
       (3030, 'Nguyễn Thành Nam', 'thanhnam3030@gmail.com', '0123456784', 7000),
       (3035, 'Lê Thị Huyền', 'thihuyen3035@gmail.com', '0123456785', 7330),
       (3040, 'Phạm Trung Hiếu', 'trunghieu3040@gmail.com', '0123456786', 7040),
       (3045, 'Lê Vũ Minh', 'vuminh3045@gmail.com', '0123456787', 7020),
       (3050, 'Lê Đức Cường', 'duccuong3050@gmail.com', '012345678', 7030),
       (3055, 'Nguyễn Anh Đức', 'anhduc3055@gmail.com', '012345658', 7020),
       (3060, 'Trần Thị Lan Anh', 'lananh3060@gmail.com', '0567543789', 7030),
       (3065, 'Phạm Thị Thùy Dương', 'thuyduong3065@gmail.com', '0987656744', 7030),
       (3070, 'Nguyễn Trâm Anh', 'tramanh3070@gmail.com', '0123457897', 7000),
       (3075, 'Vũ Đức Trung', 'ductrung3075@gmail.com', '0878965445', 7020),
       (3080, 'Trần Lan Hương', 'lanhuong3080@gmail.com', '0766544781', 7020),
       (3085, 'Nguyễn Đức Long', 'duclong3085@gmail.com', '0123456786', 7000),
       (3090, 'Vũ Trung Hiếu', 'trunghieu3090@gmail.com', '0124435567', 7020),
       (3095, 'Đào Đăng Sơn', 'dangson3095@gmail.com', '0334567894', 7000),
       (3100, 'Hoàng Thái Sơn', 'thaison3100@gmail.com', '0345637891', 7000),
       (3110, 'Bùi Anh Quân', 'anhquan3110@gmail.com', '0236895240', 7000),
       (3115, 'Nguyễn Đức Thuận', 'ducthuan3115@gmail.com', '0852963741', 7020),
       (3120, 'Lê Huy Hoàng', 'huyhoang3120@gmail.com', '0147852369', 7030),
       (3125, 'Nguyễn Minh Nhật', 'minhnhat3125@gmail.com', '0123789654', 7000),
       (3130, 'Cao Tố Nga', 'tongnga3130@gmail.com', '0753951842', 7020),
       (3135, 'Bùi Anh Tú', 'anhtu3135@gmail.com', '0112589637', 7020),
       (3140, 'Trương Công Hùng', 'conghung3140@gmail.com', '0234567845', 7030),
       (3145, 'Đào Tiến Thành', 'tienthanh3145@gmail.com', '0125875369', 7020),
       (3150, 'Lê Thành Công', 'thanhcong3150@gmail.com', '0147852475', 7030),
       (3155, 'Trương Thị Thảo', 'thithao3155@gmail.com', '0125745632', 7020),
       (3160, 'Phạm Minh Đức', 'minhduc3160@gmail.com', '0456987125', 7080),
       (3165, 'Nguyễn Minh Hoàng', 'minhhoang3165@gmail.com', '0458785236', 7090),
       (3170, 'Nguyễn Đăng Dương', 'dangduong3170@gmail.com', '0125878965', 7060),
       (3175, 'Phạm Hoài Linh', 'hoailinh3175@gmail.com', '0523647851', 7050),
       (3180, 'Hoàng Thu Thảo', 'thuthao3180@gmail.com', '0145875325', 7110),
       (3185, 'Nguyễn Ngọc Anh', 'ngocanh3185@gmail.com', '0325654784', 7220),
       (3190, 'Trần Nhật Long', 'nhatlong3190@gmail.com', '0741258521', 7090),
       (3195, 'Phạm Quang Anh', 'quanganh3195@gmail.com', '0852369856', 7550),
       (3200, 'Lưu Việt Tùng', 'viettung3200@gmail.com', '0125687895', 7040),
       (3210, 'Nguyễn Anh Đức', 'anhduc3210@gmail.com', '0125896354', 7550),
       (3215, 'Lê Trị Quốc', 'triquoc3215@gmail.com', '0588525654', 7770),
       (3220, 'Nguyễn Văn Sơn', 'vanson3220@gmail.com', '0256989625', 7660),
       (3225, 'Lê Văn Hà', 'vanha3225@gmail.com', '0125875366', 7220),
       (3230, 'Lê Chiêu Quý', 'chieuquy3230@gmail.com', '0125687536', 7070),
       (3235, 'Nguyễn Hữu Trung', 'huutrung3235@gmail.com', '0234522845', 7080),
       (3240, 'Lê Văn Hoa', 'vanhoa3240@gmail.com', '0234567225', 7050),
       (3245, 'Lê Quang Lộc', 'quangloc3245@gmail.com', '015875236', 7440),
       (3250, 'Lưu Đức Tinh', 'ductinh3250@gmail.com', '0125589965', 7330),
       (3255, 'Phan Văn Dũng', 'vandung3255@gmail.com', '045882574', 7880),
       (3260, 'Lê Quang Dương', 'quangduong3260@gmail.com', '0125874456', 7110),
       (3265, 'Nguyễn Văn Long', 'vanlong3265@gmail.com', '0741741562', 7990),
       (3270, 'Nguyễn Quang Hải', 'quanghai3270@gmail.com', '0789654125', 7060),
       (3275, 'Đỗ Duy Mạnh', 'duymanh3275@gmail.com', '0125874599', 7060),
       (3280, 'Đoàn Văn Hậu', 'vanhau3280@gmail.com', '0125589634', 7440),
       (3285, 'Nguyễn Văn Quyết', 'vanquyet3285@gmail.com', '0753951486', 7220),
       (3290, 'Bùi Tiến Dũng', 'tiendung3290@gmail.com', '0852146985', 7330),
       (3295, 'Nguyễn Văn Toàn', 'vantoan3295@gmail.com', '0758963241', 7060),
       (3300, 'Nguyễn Tuấn Mạnh', 'tuanmanh3300@gmail.com', '0125896325', 7040),
       (3310, 'Nguyễn Tiến Linh', 'tienlinh3310@gmail.com', '0258987415', 7050);

#### Sale Insert ####

insert into sales (sale_id, apply_month, sale_percent)
values (6000, 0, 0),
       (6010, 1, 30),
       (6011, 1, 25),
       (6012, 1, 50),
       (6020, 2, 30),
       (6021, 2, 40),
       (6030, 3, 10),
       (6031, 3, 25),
       (6040, 4, 50),
       (6041, 4, 35),
       (6042, 4, 20),
       (6050, 5, 30),
       (6051, 5, 10),
       (6052, 5, 20),
       (6060, 6, 45),
       (6061, 6, 25),
       (6062, 6, 15),
       (6070, 7, 15),
       (6071, 7, 20),
       (6080, 8, 50),
       (6081, 8, 30),
       (6082, 8, 10),
       (6090, 9, 10),
       (6091, 9, 15),
       (6092, 9, 25),
       (6100, 10, 30),
       (6101, 10, 15),
       (6102, 10, 10),
       (6110, 11, 10),
       (6111, 11, 30),
       (6112, 11, 40),
       (6120, 12, 30),
       (6121, 12, 40),
       (6122, 12, 50);

### Section Insert ###

insert into sections (hotel_id, section_id, room_type)
values (1100, 5101, 'Single'),
       (1100, 5102, 'Double'),
       (1100, 5103, 'Triple'),
       (1100, 5104, 'Quad'),
       (1100, 5105, 'King'),
       (1100, 5106, 'Twin'),
       (1200, 5201, 'Single'),
       (1200, 5202, 'Double'),
       (1200, 5203, 'Triple'),
       (1200, 5204, 'Quad'),
       (1200, 5206, 'Twin'),
       (1300, 5301, 'Single'),
       (1300, 5302, 'Double'),
       (1300, 5303, 'Triple'),
       (1300, 5304, 'Quad'),
       (1300, 5305, 'King'),
       (1300, 5306, 'President'),
       (1400, 5401, 'Single'),
       (1400, 5402, 'Double'),
       (1400, 5403, 'Triple'),
       (1400, 5404, 'Quad'),
       (1400, 5405, 'King'),
       (1500, 5501, 'Single'),
       (1500, 5502, 'Double'),
       (1500, 5503, 'Triple'),
       (1500, 5504, 'Quad'),
       (1500, 5505, 'King'),
       (1500, 5506, 'Twin'),
       (1600, 5601, 'Single'),
       (1600, 5602, 'Double'),
       (1600, 5605, 'King'),
       (1600, 5606, 'Twin'),
       (1700, 5701, 'Single'),
       (1700, 5702, 'Double'),
       (1700, 5703, 'Triple'),
       (1700, 5706, 'Twin'),
       (1800, 5801, 'Single'),
       (1800, 5802, 'Double'),
       (1800, 5803, 'Triple'),
       (1800, 5804, 'Quad'),
       (1800, 5805, 'Twin'),
       (1900, 5901, 'Single'),
       (1900, 5902, 'Double'),
       (1900, 5903, 'Triple');

insert into rooms (room_id, hotel_id, section_id, sale_id, floor)
values (2100, 1100, 5101, 6010, 1),
       (2101, 1100, 5102, 6011, 1),
       (2102, 1100, 5103, 6111, 2),
       (2103, 1100, 5104, 6122, 2),
       (2103, 1100, 5105, 6012, 3),
       (2104, 1100, 5106, 6020, 3),
       (2105, 1100, 5106, 6020, 4),
       (2106, 1100, 5106, 6020, 4),
       (2107, 1100, 5106, 6020, 5),
       (2108, 1100, 5105, 6020, 5),
       (2109, 1100, 5105, 6020, 6),
       (2110, 1100, 5101, 6122, 6),
       (2111, 1100, 5102, 6122, 7),
       (2112, 1100, 5103, 6122, 7),
       (2113, 1100, 5104, 6122, 8),
       (2114, 1100, 5105, 6010, 8),
       (2115, 1100, 5106, 6010, 9),
       (2116, 1100, 5106, 6010, 9),
       (2200, 1200, 5201, 6120, 1),
       (2201, 1200, 5202, 6010, 1),
       (2202, 1200, 5203, 6010, 2),
       (2203, 1200, 5204, 6120, 2),
       (2204, 1200, 5204, 6010, 3),
       (2205, 1200, 5206, 6010, 3),
       (2206, 1200, 5206, 6120, 4),
       (2207, 1200, 5206, 6010, 5),
       (2208, 1200, 5206, 6120, 6),
       (2209, 1200, 5206, 6010, 7),
       (2300, 1300, 5301, 6062, 1),
       (2301, 1300, 5302, 6062, 1),
       (2302, 1300, 5303, 6062, 1),
       (2303, 1300, 5304, 6062, 2),
       (2304, 1300, 5305, 6062, 2),
       (2305, 1300, 5306, 6062, 2),
       (2306, 1300, 5306, 6062, 3),
       (2307, 1300, 5306, 6062, 3),
       (2400, 1400, 5401, 6010, 1),
       (2401, 1400, 5402, 6010, 1),
       (2402, 1400, 5403, 6010, 1),
       (2403, 1400, 5404, 6010, 2),
       (2403, 1400, 5405, 6010, 2),
       (2404, 1400, 5405, 6010, 2),
       (2405, 1400, 5405, 6010, 3),
       (2406, 1400, 5405, 6010, 4),
       (2407, 1400, 5405, 6010, 4),
       (2500, 1500, 5506, 6060, 1),
       (2501, 1500, 5506, 6010, 1),
       (2502, 1500, 5506, 6000, 1),
       (2503, 1500, 5506, 6010, 2),
       (2504, 1500, 5506, 6000, 2),
       (2505, 1500, 5506, 6000, 2),
       (2506, 1500, 5506, 6010, 3),
       (2507, 1500, 5506, 6000, 3),
       (2600, 1600, 5605, 6090, 1),
       (2601, 1600, 5605, 6090, 2),
       (2602, 1600, 5605, 6010, 3),
       (2603, 1600, 5605, 6010, 4),
       (2604, 1600, 5605, 6090, 5),
       (2605, 1600, 5605, 6010, 6),
       (2606, 1600, 5605, 6090, 7),
       (2607, 1600, 5605, 6010, 8),
       (2700, 1700, 5701, 6010, 1),
       (2701, 1700, 5702, 6090, 1),
       (2702, 1700, 5703, 6010, 2),
       (2703, 1700, 5706, 6090, 2),
       (2704, 1700, 5701, 6010, 3),
       (2705, 1700, 5702, 6091, 3),
       (2706, 1700, 5703, 6090, 4),
       (2707, 1700, 5706, 6091, 4),
       (2708, 1700, 5706, 6010, 5),
       (2800, 1800, 5801, 6000, 1),
       (2801, 1800, 5802, 6000, 1),
       (2802, 1800, 5803, 6000, 1),
       (2803, 1800, 5804, 6000, 2),
       (2804, 1800, 5805, 6000, 2),
       (2805, 1800, 5801, 6000, 2),
       (2806, 1800, 5801, 6000, 3),
       (2807, 1800, 5801, 6000, 3),
       (2808, 1800, 5801, 6000, 4),
       (2809, 1800, 5801, 6000, 5),
       (2810, 1800, 5801, 6000, 6),
       (2811, 1800, 5801, 6000, 7),
       (2900, 1900, 5901, 6060, 1),
       (2901, 1900, 5902, 6061, 2),
       (2902, 1900, 5903, 6062, 3),
       (2903, 1900, 5901, 6070, 4),
       (2904, 1900, 5902, 6091, 5),
       (2905, 1900, 5903, 6091, 6),
       (2906, 1900, 5901, 6091, 7),
       (2907, 1900, 5902, 6091, 8),
       (2908, 1900, 5902, 6091, 9),
       (2909, 1900, 5902, 6091, 10),
       (2910, 1900, 5902, 6000, 11),
       (2911, 1900, 5902, 6000, 12),
       (2912, 1900, 5902, 6000, 13),
       (2913, 1900, 5902, 6000, 14);


insert into reservations (reservation_id, customer_id, hotel_id, section_id, room_id, day_start, day_end, price)
values (4001, 3000, 1100, 5101, 2100, '', '',),
       (4002, 3010, 1200, 5206, 2208, , ,),
       (4003, 3015, 1100, 5105, 2108, , ,),
       (4004, 3020, 1300, , , , ,),
       (4005, 3025, 1400, , , , ,),
       (4006, 3030, 1500, , , , ,),
       (4007, 3035, 1600, , , , ,),
       (4008, 3040, 1700, , , , ,),
       (4009, 3045, 1800, , , , ,),
       (4010, 3050, 1900, , , , ,),
       (4011, 3055, 1100, , , , ,),
       (4012, 3060, 1200, , , , ,),
       (4013, 3065, 1300, , , , ,),
       (4014, 3070, 1500, , , , ,),
       (4015, 3075, 1500, , , , ,),
       (4016, 3080, 1600, , , , ,),
       (4017, 3085, 1700, , , , ,),
       (4018, 3090, 1800, , , , ,),
       (4019, 3095, 1800, , , , ,),
       (4020, 3100, 1900, , , , ,),
       (4021, 3110, 1300, , , , ,),
       (4022, 3115, 1500, , , , ,),
       (4023, 3120, 1400, , , , ,),
       (4024, 3125, 1300, , , , ,),
       (4025, 3130, 1200, , , , ,),
       (4026, 3135, 1200, , , , ,),
       (4027, 3140, 1200, , , , ,),
       (4028, 3145, 1100, , , , ,),
       (4029, 3150, 1300, , , , ,),
       (4030, 3155, 1400, , , , ,),
       (4031, 3160, 1600, , , , ,),
       (4032, 3165, 1700, , , , ,),
       (4033, 3170, 1700, , , , ,),
       (4034, 3175, 1800, , , , ,),
       (4035, 3180, 1900, , , , ,),
       (4036, 3185, 1100, , , , ,),
       (4037, 3190, 1200, , , , ,),
       (4038, 3195, 1300, , , , ,),
       (4039, 3200, 1800, , , , ,),
       (4040, 3210, 1900, , , , ,),
       (4041, 3215, 1100, , , , ,),
       (4042, 3220, 1200, , , , ,),
       (4043, 3225, 1300, , , , ,),
       (4044, 3230, 1400, , , , ,),
       (4045, 3235, 1500, , , , ,),
       (4046, 3240, 1700, , , , ,),
       (4047, 3245, 1800, , , , ,),
       (4048, 3250, 1900, , , , ,),
       (4049, 3255, 1100, , , , ,),
       (4050, 3260, 1200, , , , ,),
       (4051, 3265, 1300, , , , ,),
       (4052, 3270, 1700, , , , ,),
       (4053, 3275, 1800, , , , ,),
       (4054, 3280, 1900, , , , ,),
       (4055, 3285, 1900, , , , ,),
       (4056, 3290, 1800, , , , ,),
       (4057, 3295, 1100, , , , ,),
       (4058, 3300, 1200, , , , ,),
       (4059, 3310, 1300, , , , ,)
       (4060, 3100, 1900, , , , ,),
       (4061, 3110, 1900, , , , ,),
       (4062, 3115, 1500, , , , ,),
       (4063, 3120, 1600, , , , ,),
       (4064, 3125, 1700, , , , ,),
       (4065, 3130, 1100, , , , ,),
       (4066, 3110, 1300, , , , ,),
       (4067, 3115, 1400, , , , ,),
       (4068, 3110, 1500, , , , ,),
       (4069, 3115, 1700, , , , ,);






